{
  "timestamp": "2025-10-27T15:33:50.121952",
  "data_info": {
    "total_samples": 105555,
    "train_samples": 84444,
    "test_samples": 21111,
    "features": 14,
    "target_distribution": {
      "class_0": 19090,
      "class_1": 2021
    }
  },
  "models": {
    "XGBoost": {
      "roc_auc": 0.7401622279838542,
      "f1": 0.2793927969044548,
      "precision": 0.1747331844130057,
      "recall": 0.6966848095002474
    },
    "Gradient Boosting": {
      "roc_auc": 0.739681601435322,
      "f1": 0.04285714285714286,
      "precision": 0.569620253164557,
      "recall": 0.022266204849084613
    },
    "CatBoost": {
      "roc_auc": 0.7327632669956552,
      "f1": 0.270996640537514,
      "precision": 0.16699252443933296,
      "recall": 0.7184562097971301
    },
    "Random Forest": {
      "roc_auc": 0.7064732954579327,
      "f1": 0.2532051282051282,
      "precision": 0.15438063185321899,
      "recall": 0.7036120732310738
    },
    "Logistic Regression": {
      "roc_auc": 0.6732879023786128,
      "f1": 0.24189344176832447,
      "precision": 0.15323645970937913,
      "recall": 0.5739732805541811
    }
  }
}